{
    "94.130.131.82": [
        12.3649,
        50.4777
    ],
    "142.132.158.86": [
        12.3649,
        50.4777
    ],
    "114.205.56.195": [
        129.0928,
        35.1811
    ],
    "91.230.110.177": [
        6.7734,
        51.2184
    ],
    "45.85.249.168": [
        28.9482,
        41.0108
    ],
    "130.61.113.54": [
        8.630393,
        50.099209
    ],
    "141.95.97.90": [
        8.0475,
        50.3847
    ],
    "65.21.137.228": [
        24.9347,
        60.1719
    ],
    "116.203.127.236": [
        11.1064,
        49.4563
    ],
    "217.76.61.107": [
        6.8607,
        51.1878
    ],
    "212.193.3.138": [
        4.914212,
        52.356838
    ],
    "202.61.207.125": [
        8.4001,
        49.0078
    ],
    "34.71.158.128": [
        -95.8517,
        41.2591
    ],
    "65.108.230.117": [
        24.9344,
        60.1797
    ],
    "185.216.203.212": [
        6.7734,
        51.2184
    ],
    "65.108.126.173": [
        24.9344,
        60.1797
    ],
    "165.232.145.238": [
        -121.966532,
        37.389154
    ],
    "51.89.219.18": [
        -0.0955,
        51.5095
    ],
    "38.242.142.207": [
        6.8607,
        51.1878
    ],
    "95.165.162.239": [
        37.6171,
        55.7483
    ],
    "198.244.165.18": [
        -0.0955,
        51.5095
    ],
    "34.105.54.49": [
        -121.1871,
        45.5999
    ],
    "195.201.161.153": [
        10.7511,
        49.1156
    ],
    "65.21.149.128": [
        24.9347,
        60.1719
    ],
    "192.46.213.23": [
        72.8856,
        19.0748
    ],
    "128.140.0.106": [
        11.1064,
        49.4563
    ],
    "3.10.190.23": [
        -0.060926,
        51.508503
    ],
    "34.84.200.36": [
        139.771513,
        35.679271
    ],
    "20.88.51.193": [
        -87.6318,
        41.8874
    ],
    "178.63.10.66": [
        12.3649,
        50.4777
    ],
    "168.119.68.44": [
        12.3649,
        50.4777
    ],
    "47.74.61.96": [
        139.6899,
        35.6893
    ]
}