{
    "3.144.104.120": [
        -83.128877,
        40.053184
    ],
    "47.91.18.81": [
        139.6899,
        35.6893
    ],
    "202.8.9.243": [
        139.745521,
        35.616978
    ]
}